source,target,weight,type
0,398,0.733524355301,undirected
0,853,0.98376313276,undirected
0,1178,0.331423113658,undirected
1,29,0.321872015282,undirected
1,239,0.0157593123209,undirected
1,398,0.41929321872,undirected
1,400,0.596466093601,undirected
1,404,0.272206303725,undirected
1,862,0.699617956065,undirected
1,872,0.81852913085,undirected
1,898,0.542024832856,undirected
1,899,0.372492836676,undirected
1,980,0.755014326648,undirected
1,1094,0.658548233047,undirected
2,1124,0.425023877746,undirected
3,85,0.155205348615,undirected
3,162,0.835721107927,undirected
3,298,0.567812798472,undirected
3,466,0.641356255969,undirected
3,543,0.664278892073,undirected
3,766,0.977077363897,undirected
3,1152,0.217287488061,undirected
3,1194,0.272206303725,undirected
4,36,0.127029608405,undirected
4,200,0.0319961795606,undirected
4,482,0.182425978988,undirected
4,619,0.851480420248,undirected
4,797,0.929799426934,undirected
4,1120,0.676217765043,undirected
6,60,0.0821394460363,undirected
6,148,0.310888252149,undirected
6,351,0.457497612225,undirected
6,710,0.596466093601,undirected
7,385,0.425023877746,undirected
7,691,0.606017191977,undirected
7,750,0.372492836676,undirected
8,637,0.496657115568,undirected
9,395,0.0319961795606,undirected
9,453,0.0945558739255,undirected
9,483,0.293218720153,undirected
10,183,0.872015281757,undirected
10,190,0.723973256925,undirected
10,504,0.87488061127,undirected
10,508,0.667621776504,undirected
10,609,0.106972301815,undirected
10,685,0.81852913085,undirected
10,998,0.264565425024,undirected
11,230,0.542024832856,undirected
11,276,0.33858643744,undirected
11,368,0.720630372493,undirected
12,48,0.936962750716,undirected
12,227,0.679560649475,undirected
12,228,0.865807067813,undirected
12,229,0.885386819484,undirected
12,286,0.0472779369628,undirected
12,307,0.41929321872,undirected
12,475,0.321872015282,undirected
12,537,0.581184336199,undirected
12,610,0.844794651385,undirected
12,696,0.464183381089,undirected
12,754,0.19340974212,undirected
13,420,0.509073543457,undirected
14,192,0.513849092646,undirected
14,216,0.652340019102,undirected
14,340,0.35100286533,undirected
14,794,0.41929321872,undirected
14,916,0.293218720153,undirected
14,1004,0.155205348615,undirected
16,25,0.167144221585,undirected
16,86,0.87488061127,undirected
16,591,0.0472779369628,undirected
16,1111,0.228748806113,undirected
17,19,0.633715377268,undirected
17,23,0.652340019102,undirected
17,302,0.264565425024,undirected
17,592,0.209169054441,undirected
17,843,0.596466093601,undirected
18,21,0.284145176695,undirected
18,24,0.217287488061,undirected
18,860,0.0692454632283,undirected
18,951,0.556829035339,undirected
18,996,0.106972301815,undirected
18,1031,0.284145176695,undirected
19,22,0.694364851958,undirected
19,93,0.363896848138,undirected
19,176,0.581184336199,undirected
19,233,0.41929321872,undirected
19,302,0.243553008596,undirected
19,592,0.0319961795606,undirected
19,822,0.738777459408,undirected
19,833,0.503342884432,undirected
19,843,0.759789875836,undirected
19,863,0.331423113658,undirected
19,1031,0.321872015282,undirected
19,1046,0.478032473734,undirected
19,1071,0.618433619866,undirected
19,1084,0.264565425024,undirected
19,1138,0.407831900669,undirected
19,1144,0.667621776504,undirected
19,1181,0.209169054441,undirected
19,1182,0.464183381089,undirected
21,167,0.243553008596,undirected
21,951,0.533428844317,undirected
21,1135,0.733524355301,undirected
22,176,0.581184336199,undirected
22,302,0.243553008596,undirected
22,822,0.438395415473,undirected
22,833,0.284145176695,undirected
22,843,0.759789875836,undirected
22,1046,0.856733524355,undirected
22,1071,0.35100286533,undirected
22,1136,0.952244508118,undirected
22,1138,0.0692454632283,undirected
22,1144,0.774594078319,undirected
23,47,0.209169054441,undirected
23,302,0.264565425024,undirected
23,843,0.596466093601,undirected
25,538,0.725405921681,undirected
26,461,0.363896848138,undirected
26,541,0.35100286533,undirected
26,1025,0.425023877746,undirected
27,304,0.209169054441,undirected
27,1164,0.0157593123209,undirected
28,66,0.863896848138,undirected
28,478,0.933142311366,undirected
28,498,0.925501432665,undirected
28,607,0.293218720153,undirected
28,997,0.712034383954,undirected
28,1177,0.936962750716,undirected
28,1189,0.641356255969,undirected
29,239,0.664278892073,undirected
29,400,0.1370582617,undirected
29,862,0.0945558739255,undirected
29,1188,0.473734479465,undirected
30,286,0.808022922636,undirected
30,406,0.0157593123209,undirected
30,497,0.801337153773,undirected
30,677,0.904011461318,undirected
31,922,0.533428844317,undirected
32,117,0.0319961795606,undirected
32,869,0.0692454632283,undirected
32,933,0.618433619866,undirected
34,199,0.396370582617,undirected
34,431,0.217287488061,undirected
34,463,0.0472779369628,undirected
34,703,0.738777459408,undirected
34,1055,0.602196752627,undirected
35,103,0.457497612225,undirected
37,235,0.633715377268,undirected
37,695,0.953199617956,undirected
38,110,0.948424068768,undirected
38,171,0.87106017192,undirected
38,322,0.87106017192,undirected
38,668,0.892550143266,undirected
38,1052,0.284145176695,undirected
41,567,0.284145176695,undirected
43,655,0.310888252149,undirected
44,349,0.858166189112,undirected
44,780,0.883476599809,undirected
45,84,0.747851002865,undirected
45,96,0.895415472779,undirected
45,821,0.94364851958,undirected
45,824,0.747851002865,undirected
46,315,0.900191021968,undirected
46,864,0.999522445081,undirected
46,941,0.0692454632283,undirected
47,181,0.567812798472,undirected
47,477,0.386819484241,undirected
47,1075,0.62893982808,undirected
48,227,0.777936962751,undirected
48,228,0.942215854823,undirected
48,229,0.768863419293,undirected
48,245,0.658548233047,undirected
48,293,0.653772683859,undirected
48,378,0.209169054441,undirected
48,475,0.924068767908,undirected
48,537,0.0157593123209,undirected
48,610,0.755014326648,undirected
48,653,0.41929321872,undirected
48,754,0.464183381089,undirected
48,1143,0.1370582617,undirected
49,54,0.547755491882,undirected
49,285,0.310888252149,undirected
49,416,0.310888252149,undirected
49,761,0.310888252149,undirected
49,801,0.672397325692,undirected
49,877,0.672397325692,undirected
49,1052,0.995224450812,undirected
49,1074,0.468481375358,undirected
50,346,0.733524355301,undirected
50,359,0.976599808978,undirected
50,466,0.310888252149,undirected
50,479,0.747851002865,undirected
50,485,0.925501432665,undirected
50,567,0.209169054441,undirected
51,87,0.901623686724,undirected
51,273,0.363896848138,undirected
51,741,0.363896848138,undirected
54,789,0.284145176695,undirected
54,1052,0.774594078319,undirected
56,811,0.733524355301,undirected
56,916,0.581184336199,undirected
56,1115,0.331423113658,undirected
57,263,0.0319961795606,undirected
57,1154,0.0319961795606,undirected
58,62,0.182425978988,undirected
58,525,0.888729703916,undirected
58,592,0.618433619866,undirected
59,134,0.0319961795606,undirected
59,860,0.0319961795606,undirected
60,62,0.117478510029,undirected
62,82,0.733524355301,undirected
62,213,0.182425978988,undirected
62,263,0.35100286533,undirected
62,396,0.792263610315,undirected
62,589,0.664278892073,undirected
62,673,0.542024832856,undirected
62,737,0.0157593123209,undirected
62,832,0.652340019102,undirected
62,875,0.723973256925,undirected
62,912,0.117478510029,undirected
62,922,0.618433619866,undirected
62,1005,0.62893982808,undirected
62,1154,0.35100286533,undirected
62,1158,0.777936962751,undirected
63,179,0.900191021968,undirected
63,317,0.78223495702,undirected
63,393,0.35100286533,undirected
63,879,0.209169054441,undirected
63,959,0.733524355301,undirected
63,1068,0.596466093601,undirected
64,65,0.106972301815,undirected
64,68,0.182425978988,undirected
64,344,0.79847182426,undirected
64,1114,0.372492836676,undirected
65,180,0.209169054441,undirected
65,240,0.19340974212,undirected
65,1031,0.449856733524,undirected
66,285,0.664278892073,undirected
66,403,0.372492836676,undirected
66,498,0.602196752627,undirected
66,629,0.35100286533,undirected
66,997,0.618433619866,undirected
66,1028,0.971346704871,undirected
66,1177,0.833810888252,undirected
67,238,0.457497612225,undirected
67,604,0.803247373448,undirected
67,1074,0.35100286533,undirected
68,217,0.0945558739255,undirected
68,313,0.0821394460363,undirected
68,344,0.0821394460363,undirected
68,528,0.41929321872,undirected
68,572,0.658548233047,undirected
68,1113,0.766475644699,undirected
69,412,0.106972301815,undirected
70,118,0.407831900669,undirected
70,377,0.264565425024,undirected
70,465,0.167144221585,undirected
70,563,0.827602674308,undirected
71,883,0.0319961795606,undirected
73,192,0.0821394460363,undirected
73,194,0.0821394460363,undirected
73,199,0.811365807068,undirected
73,679,0.0319961795606,undirected
73,703,0.396370582617,undirected
73,742,0.167144221585,undirected
73,747,0.438395415473,undirected
73,1055,0.533428844317,undirected
73,1105,0.0472779369628,undirected
73,1165,0.658548233047,undirected
73,1166,0.407831900669,undirected
74,149,0.127029608405,undirected
74,216,0.321872015282,undirected
74,273,0.85482330468,undirected
74,414,0.672397325692,undirected
74,548,0.837153772684,undirected
74,786,0.284145176695,undirected
74,800,0.0821394460363,undirected
74,916,0.321872015282,undirected
74,995,0.859121298949,undirected
74,1069,0.533428844317,undirected
74,1142,0.106972301815,undirected
74,1176,0.829035339064,undirected
75,151,0.155205348615,undirected
75,335,0.602196752627,undirected
75,458,0.934097421203,undirected
75,502,0.759789875836,undirected
75,924,0.84670487106,undirected
75,936,0.473734479465,undirected
75,1108,0.90305635148,undirected
76,184,0.19340974212,undirected
76,408,0.747851002865,undirected
77,231,0.363896848138,undirected
77,248,0.0319961795606,undirected
77,723,0.641356255969,undirected
78,229,0.386819484241,undirected
78,245,0.0692454632283,undirected
78,286,0.641356255969,undirected
78,293,0.618433619866,undirected
78,406,0.496657115568,undirected
78,497,0.712034383954,undirected
78,1092,0.533428844317,undirected
78,1148,0.0945558739255,undirected
80,381,0.167144221585,undirected
80,901,0.0319961795606,undirected
82,263,0.457497612225,undirected
82,325,0.0472779369628,undirected
82,586,0.766475644699,undirected
82,589,0.167144221585,undirected
82,659,0.0319961795606,undirected
82,712,0.35100286533,undirected
82,912,0.750716332378,undirected
82,922,0.900191021968,undirected
82,1005,0.106972301815,undirected
83,491,0.209169054441,undirected
83,641,0.293218720153,undirected
83,810,0.372492836676,undirected
85,298,0.567812798472,undirected
85,349,0.699617956065,undirected
85,543,0.957975167144,undirected
85,766,0.766475644699,undirected
85,1152,0.840019102197,undirected
85,1194,0.982330468004,undirected
87,216,0.6852913085,undirected
87,273,0.896370582617,undirected
87,414,0.513849092646,undirected
87,548,0.310888252149,undirected
87,741,0.813276026743,undirected
87,1142,0.667621776504,undirected
88,251,0.155205348615,undirected
90,756,0.182425978988,undirected
91,476,0.127029608405,undirected
91,655,0.293218720153,undirected
91,658,0.243553008596,undirected
91,1020,0.106972301815,undirected
92,129,0.596466093601,undirected
92,134,0.243553008596,undirected
92,394,0.243553008596,undirected
92,676,0.0692454632283,undirected
92,941,0.747851002865,undirected
93,126,0.243553008596,undirected
93,176,0.542024832856,undirected
93,302,0.766475644699,undirected
93,373,0.252148997135,undirected
93,392,0.49188156638,undirected
93,792,0.252148997135,undirected
93,822,0.503342884432,undirected
93,833,0.396370582617,undirected
93,863,0.0472779369628,undirected
93,982,0.49188156638,undirected
93,1046,0.733524355301,undirected
93,1071,0.62893982808,undirected
93,1082,0.155205348615,undirected
93,1090,0.981375358166,undirected
93,1136,0.0319961795606,undirected
93,1138,0.425023877746,undirected
93,1144,0.641356255969,undirected
94,217,0.633715377268,undirected
94,985,0.438395415473,undirected
95,119,0.861509073543,undirected
95,125,0.596466093601,undirected
95,196,0.877745940783,undirected
95,287,0.81852913085,undirected
95,605,0.127029608405,undirected
95,667,0.550620821394,undirected
95,699,0.0821394460363,undirected
96,320,0.243553008596,undirected
96,442,0.694364851958,undirected
96,445,0.897803247373,undirected
96,821,0.567812798472,undirected
97,599,0.363896848138,undirected
98,233,0.284145176695,undirected
98,392,0.386819484241,undirected
98,570,0.117478510029,undirected
98,863,0.209169054441,undirected
100,106,0.974212034384,undirected
100,208,0.941260744986,undirected
100,433,0.567812798472,undirected
100,1062,0.1370582617,undirected
101,113,0.961795606495,undirected
101,566,0.87488061127,undirected
101,851,0.825214899713,undirected
102,103,0.825214899713,undirected
102,779,0.0692454632283,undirected
105,1121,0.713944603629,undirected
105,1122,0.155205348615,undirected
105,1123,0.708213944604,undirected
105,1124,0.895415472779,undirected
105,1125,0.803247373448,undirected
105,1126,0.0319961795606,undirected
105,1127,0.35100286533,undirected
105,1128,0.363896848138,undirected
106,208,0.996179560649,undirected
106,433,0.91547277937,undirected
106,1058,0.442693409742,undirected
106,1062,0.117478510029,undirected
106,1083,0.106972301815,undirected
108,154,0.473734479465,undirected
108,835,0.503342884432,undirected
109,247,0.533428844317,undirected
109,510,0.618433619866,undirected
110,171,0.550620821394,undirected
110,322,0.978032473734,undirected
110,358,0.127029608405,undirected
110,668,0.931709646609,undirected
110,740,0.0692454632283,undirected
111,112,0.978987583572,undirected
111,223,0.0821394460363,undirected
111,326,0.766475644699,undirected
111,469,0.567812798472,undirected
111,590,0.117478510029,undirected
111,612,0.989971346705,undirected
111,767,0.567812798472,undirected
111,958,0.363896848138,undirected
111,1040,0.830945558739,undirected
112,469,0.62893982808,undirected
112,612,0.896370582617,undirected
113,282,0.0319961795606,undirected
113,565,0.755014326648,undirected
113,566,0.91547277937,undirected
113,718,0.509073543457,undirected
113,851,0.911652340019,undirected
113,964,0.106972301815,undirected
114,505,0.127029608405,undirected
114,506,0.155205348615,undirected
114,851,0.252148997135,undirected
115,515,0.48376313276,undirected
115,819,0.41929321872,undirected
117,508,0.0692454632283,undirected
117,894,0.839063992359,undirected
117,933,0.252148997135,undirected
118,151,0.127029608405,undirected
118,152,0.0821394460363,undirected
118,153,0.363896848138,undirected
118,362,0.293218720153,undirected
118,377,0.829035339064,undirected
118,471,0.708213944604,undirected
118,765,0.0157593123209,undirected
118,799,0.167144221585,undirected
118,962,0.468481375358,undirected
118,1078,0.837153772684,undirected
118,1095,0.720630372493,undirected
118,1179,0.209169054441,undirected
119,125,0.766475644699,undirected
119,196,0.877745940783,undirected
119,199,0.449856733524,undirected
119,287,0.606017191977,undirected
119,667,0.822349570201,undirected
119,806,0.503342884432,undirected
119,1166,0.0319961795606,undirected
120,238,0.6852913085,undirected
120,416,0.49188156638,undirected
120,715,0.679560649475,undirected
120,823,0.386819484241,undirected
120,935,0.155205348615,undirected
120,1021,0.209169054441,undirected
120,1028,0.596466093601,undirected
120,1074,0.155205348615,undirected
121,553,0.596466093601,undirected
121,665,0.1370582617,undirected
121,1019,0.264565425024,undirected
122,177,0.155205348615,undirected
123,311,0.0692454632283,undirected
123,643,0.653772683859,undirected
123,1197,0.679560649475,undirected
124,179,0.0692454632283,undirected
124,213,0.0692454632283,undirected
124,581,0.989493791786,undirected
124,737,0.919770773639,undirected
124,984,0.0692454632283,undirected
125,196,0.155205348615,undirected
127,1079,0.9517669532,undirected
129,137,0.999044890162,undirected
129,148,0.997134670487,undirected
129,941,0.310888252149,undirected
130,370,0.567812798472,undirected
133,534,0.438395415473,undirected
133,592,0.694364851958,undirected
133,624,0.228748806113,undirected
133,697,0.533428844317,undirected
133,948,0.679560649475,undirected
133,1006,0.533428844317,undirected
133,1112,0.567812798472,undirected
134,191,0.985195797517,undirected
134,958,0.792263610315,undirected
134,1150,0.860553963706,undirected
135,428,0.979465138491,undirected
135,986,0.983285577841,undirected
135,1200,0.243553008596,undirected
136,1075,0.774594078319,undirected
136,1137,0.97182425979,undirected
137,148,0.997134670487,undirected
138,308,0.331423113658,undirected
138,913,0.723973256925,undirected
138,1110,0.723973256925,undirected
139,503,0.913085004776,undirected
139,1179,0.0945558739255,undirected
140,148,0.0692454632283,undirected
140,213,0.989493791786,undirected
140,710,0.438395415473,undirected
140,737,0.672397325692,undirected
140,738,0.747851002865,undirected
140,984,0.747851002865,undirected
141,294,0.946513849093,undirected
141,316,0.78223495702,undirected
141,378,0.363896848138,undirected
141,381,0.87488061127,undirected
141,701,0.331423113658,undirected
141,931,0.386819484241,undirected
143,268,0.602196752627,undirected
143,371,0.652340019102,undirected
144,929,0.747851002865,undirected
144,1161,0.955109837631,undirected
145,204,0.533428844317,undirected
145,534,0.759789875836,undirected
145,758,0.618433619866,undirected
146,711,0.49188156638,undirected
146,889,0.982808022923,undirected
146,987,0.68147086915,undirected
147,203,0.106972301815,undirected
147,230,0.19340974212,undirected
147,368,0.372492836676,undirected
147,540,0.0157593123209,undirected
147,609,0.702960840497,undirected
147,685,0.386819484241,undirected
147,716,0.252148997135,undirected
147,1087,0.939828080229,undirected
148,642,0.0692454632283,undirected
148,710,0.747851002865,undirected
149,414,0.567812798472,undirected
149,470,0.676217765043,undirected
149,548,0.0157593123209,undirected
149,730,0.457497612225,undirected
149,811,0.618433619866,undirected
149,916,0.0157593123209,undirected
149,950,0.755014326648,undirected
149,995,0.468481375358,undirected
149,1069,0.310888252149,undirected
150,289,0.264565425024,undirected
150,423,0.167144221585,undirected
151,362,0.0821394460363,undirected
151,451,0.738777459408,undirected
151,621,0.813276026743,undirected
151,799,0.33858643744,undirected
152,153,0.0692454632283,undirected
152,362,0.293218720153,undirected
152,471,0.363896848138,undirected
152,491,0.243553008596,undirected
152,492,0.542024832856,undirected
152,617,0.49188156638,undirected
152,765,0.884431709647,undirected
152,1078,0.293218720153,undirected
152,1095,0.457497612225,undirected
153,765,0.321872015282,undirected
154,835,0.735434574976,undirected
155,313,0.425023877746,undirected
155,549,0.774594078319,undirected
155,578,0.272206303725,undirected
155,893,0.805157593123,undirected
155,1113,0.708213944604,undirected
156,587,0.457497612225,undirected
157,276,0.882521489971,undirected
157,810,0.0692454632283,undirected
158,375,0.596466093601,undirected
158,967,0.503342884432,undirected
159,333,0.679560649475,undirected
159,411,0.759789875836,undirected
159,708,0.473734479465,undirected
159,787,0.264565425024,undirected
160,272,0.9517669532,undirected
160,529,0.856733524355,undirected
160,905,0.919770773639,undirected
160,909,0.0692454632283,undirected
160,1010,0.85482330468,undirected
160,1203,0.928844317096,undirected
162,170,0.468481375358,undirected
162,436,0.882521489971,undirected
162,573,0.694364851958,undirected
162,766,0.57258834766,undirected
162,1172,0.167144221585,undirected
163,225,0.284145176695,undirected
165,184,0.449856733524,undirected
165,441,0.723973256925,undirected
165,846,0.0157593123209,undirected
165,983,0.581184336199,undirected
166,1023,0.774594078319,undirected
167,951,0.49188156638,undirected
167,1135,0.694364851958,undirected
168,414,0.363896848138,undirected
168,995,0.0472779369628,undirected
169,246,0.438395415473,undirected
169,416,0.310888252149,undirected
170,436,0.981375358166,undirected
170,788,0.792263610315,undirected
171,740,0.209169054441,undirected
172,533,0.117478510029,undirected
172,590,0.182425978988,undirected
172,710,0.0692454632283,undirected
173,437,0.0157593123209,undirected
173,465,0.386819484241,undirected
173,611,0.310888252149,undirected
173,698,0.310888252149,undirected
173,799,0.127029608405,undirected
174,313,0.284145176695,undirected
175,294,0.442693409742,undirected
175,316,0.35100286533,undirected
175,405,0.919770773639,undirected
175,628,0.457497612225,undirected
175,931,0.106972301815,undirected
175,1037,0.750716332378,undirected
175,1097,0.310888252149,undirected
176,233,0.0821394460363,undirected
176,302,0.803247373448,undirected
176,373,0.449856733524,undirected
176,392,0.902578796562,undirected
176,536,0.19340974212,undirected
176,822,0.825214899713,undirected
176,833,0.78223495702,undirected
176,843,0.310888252149,undirected
176,943,0.618433619866,undirected
176,982,0.642311365807,undirected
176,1071,0.837153772684,undirected
176,1090,0.0157593123209,undirected
176,1097,0.618433619866,undirected
176,1136,0.68147086915,undirected
176,1138,0.738777459408,undirected
176,1144,0.884431709647,undirected
176,1182,0.41929321872,undirected
177,207,0.264565425024,undirected
177,560,0.503342884432,undirected
177,999,0.57258834766,undirected
178,391,0.182425978988,undirected
178,584,0.596466093601,undirected
178,609,0.0472779369628,undirected
178,894,0.209169054441,undirected
179,317,0.993791786055,undirected
179,795,0.331423113658,undirected
181,360,0.960362941738,undirected
181,791,0.936962750716,undirected
182,366,0.272206303725,undirected
182,583,0.0472779369628,undirected
182,1030,0.759789875836,undirected
183,276,0.228748806113,undirected
183,508,0.0821394460363,undirected
183,510,0.41929321872,undirected
183,685,0.556829035339,undirected
183,1087,0.0319961795606,undirected
184,403,0.785100286533,undirected
184,441,0.906399235912,undirected
184,498,0.664278892073,undirected
184,516,0.808022922636,undirected
184,547,0.942215854823,undirected
184,829,0.708213944604,undirected
184,846,0.987106017192,undirected
184,983,0.928844317096,undirected
184,997,0.794651384909,undirected
185,303,0.694364851958,undirected
185,598,0.0319961795606,undirected
185,860,0.1370582617,undirected
185,1033,0.85482330468,undirected
185,1135,0.513849092646,undirected
187,313,0.994746895893,undirected
187,549,0.438395415473,undirected
188,189,0.965616045845,undirected
188,280,0.888729703916,undirected
188,281,0.924068767908,undirected
188,282,0.985673352436,undirected
188,283,0.972301814709,undirected
188,431,0.934574976122,undirected
188,482,0.91547277937,undirected
188,963,0.91547277937,undirected
188,965,0.699617956065,undirected
189,280,0.641356255969,undirected
189,281,0.933142311366,undirected
189,282,0.961318051576,undirected
189,283,0.596466093601,undirected
189,431,0.48376313276,undirected
189,482,0.407831900669,undirected
189,963,0.902578796562,undirected
189,964,0.950811843362,undirected
189,965,0.851480420248,undirected
189,1116,0.533428844317,undirected
190,508,0.924068767908,undirected
190,609,0.733524355301,undirected
190,685,0.606017191977,undirected
190,1072,0.182425978988,undirected
191,546,0.747851002865,undirected
192,199,0.407831900669,undirected
192,299,0.209169054441,undirected
192,332,0.863896848138,undirected
192,542,0.182425978988,undirected
192,730,0.386819484241,undirected
192,794,0.833810888252,undirected
192,806,0.906399235912,undirected
192,811,0.473734479465,undirected
192,916,0.396370582617,undirected
192,1055,0.62893982808,undirected
192,1115,0.509073543457,undirected
192,1167,0.602196752627,undirected
194,1165,0.49188156638,undirected
196,287,0.819961795606,undirected
196,667,0.694364851958,undirected
198,288,0.41929321872,undirected
198,452,0.909742120344,undirected
198,679,0.957497612225,undirected
198,719,0.618433619866,undirected
199,463,0.755014326648,undirected
199,703,0.272206303725,undirected
199,742,0.228748806113,undirected
199,747,0.533428844317,undirected
199,1055,0.792263610315,undirected
199,1166,0.57258834766,undirected
199,1175,0.641356255969,undirected
200,619,0.396370582617,undirected
200,797,0.0945558739255,undirected
203,215,0.0692454632283,undirected
203,609,0.0945558739255,undirected
204,346,0.664278892073,undirected
204,479,0.750716332378,undirected
206,507,0.396370582617,undirected
207,545,0.750716332378,undirected
207,565,0.0945558739255,undirected
207,978,0.653772683859,undirected
208,433,0.90735434575,undirected
210,291,0.856733524355,undirected
210,341,0.976122254059,undirected
210,439,0.228748806113,undirected
210,454,0.596466093601,undirected
210,519,0.946513849093,undirected
210,677,0.117478510029,undirected
210,700,0.596466093601,undirected
210,715,0.641356255969,undirected
210,801,0.228748806113,undirected
210,1195,0.969914040115,undirected
211,255,0.155205348615,undirected
212,574,0.851480420248,undirected
213,738,0.976122254059,undirected
213,984,0.994269340974,undirected
214,220,0.449856733524,undirected
214,251,0.851480420248,undirected
214,313,0.708213944604,undirected
214,344,0.407831900669,undirected
214,983,0.0472779369628,undirected
214,1114,0.0821394460363,undirected
216,273,0.8147086915,undirected
216,512,0.1370582617,undirected
216,548,0.702960840497,undirected
216,995,0.851480420248,undirected
216,1142,0.1370582617,undirected
217,985,0.513849092646,undirected
219,309,0.0319961795606,undirected
219,410,0.217287488061,undirected
219,535,0.581184336199,undirected
219,759,0.106972301815,undirected
219,1019,0.264565425024,undirected
219,1157,0.284145176695,undirected
220,927,0.755014326648,undirected
220,1114,0.62893982808,undirected
221,727,0.0157593123209,undirected
223,612,0.57258834766,undirected
223,767,0.509073543457,undirected
223,1040,0.955109837631,undirected
224,325,0.35100286533,undirected
227,228,0.984240687679,undirected
227,229,0.959885386819,undirected
227,245,0.217287488061,undirected
227,286,0.321872015282,undirected
227,293,0.948424068768,undirected
227,307,0.0319961795606,undirected
227,378,0.712034383954,undirected
227,475,0.19340974212,undirected
227,610,0.33858643744,undirected
227,653,0.372492836676,undirected
227,754,0.633715377268,undirected
227,1092,0.509073543457,undirected
228,229,0.960840496657,undirected
228,245,0.386819484241,undirected
228,286,0.438395415473,undirected
228,293,0.891595033429,undirected
228,307,0.228748806113,undirected
228,378,0.0472779369628,undirected
228,475,0.785100286533,undirected
228,537,0.449856733524,undirected
228,610,0.602196752627,undirected
228,696,0.48376313276,undirected
228,754,0.827602674308,undirected
228,1092,0.720630372493,undirected
229,293,0.895415472779,undirected
229,307,0.641356255969,undirected
229,537,0.550620821394,undirected
229,696,0.49188156638,undirected
229,754,0.284145176695,undirected
229,1092,0.0319961795606,undirected
230,276,0.284145176695,undirected
230,368,0.386819484241,undirected
230,561,0.425023877746,undirected
230,609,0.243553008596,undirected
230,646,0.473734479465,undirected
230,1072,0.618433619866,undirected
230,1087,0.217287488061,undirected
230,1185,0.41929321872,undirected
231,247,0.652340019102,undirected
231,248,0.449856733524,undirected
231,538,0.0319961795606,undirected
231,591,0.425023877746,undirected
231,1054,0.396370582617,undirected
231,1117,0.284145176695,undirected
232,266,0.0157593123209,undirected
232,267,0.407831900669,undirected
233,302,0.457497612225,undirected
233,373,0.449856733524,undirected
233,392,0.41929321872,undirected
233,822,0.0157593123209,undirected
233,833,0.228748806113,undirected
233,863,0.509073543457,undirected
233,1082,0.372492836676,undirected
233,1138,0.310888252149,undirected
233,1144,0.228748806113,undirected
233,1182,0.62893982808,undirected
234,600,0.928844317096,undirected
234,1133,0.464183381089,undirected
234,1172,0.117478510029,undirected
237,455,0.117478510029,undirected
237,604,0.581184336199,undirected
238,315,0.457497612225,undirected
238,604,0.835721107927,undirected
238,1074,0.676217765043,undirected
239,400,0.449856733524,undirected
239,404,0.567812798472,undirected
239,815,0.386819484241,undirected
239,898,0.0945558739255,undirected
239,1094,0.372492836676,undirected
240,592,0.386819484241,undirected
241,650,0.533428844317,undirected
242,752,0.868672397326,undirected
242,1064,0.533428844317,undirected
245,475,0.386819484241,undirected
245,653,0.57258834766,undirected
245,754,0.425023877746,undirected
245,820,0.127029608405,undirected
245,1143,0.252148997135,undirected
246,1160,0.88729703916,undirected
247,510,0.310888252149,undirected
247,538,0.19340974212,undirected
247,591,0.35100286533,undirected
248,538,0.293218720153,undirected
248,1044,0.785100286533,undirected
248,1117,0.1370582617,undirected
248,1186,0.117478510029,undirected
249,686,0.811365807068,undirected
250,329,0.272206303725,undirected
250,356,0.955109837631,undirected
250,587,0.19340974212,undirected
250,883,0.155205348615,undirected
251,983,0.877745940783,undirected
252,516,0.78223495702,undirected
252,582,0.155205348615,undirected
252,607,0.228748806113,undirected
253,802,0.310888252149,undirected
255,1024,0.835721107927,undirected
259,839,0.117478510029,undirected
260,769,0.264565425024,undirected
260,1164,0.0692454632283,undirected
261,591,0.386819484241,undirected
263,396,0.33858643744,undirected
263,589,0.556829035339,undirected
263,710,0.243553008596,undirected
263,922,0.243553008596,undirected
263,1005,0.503342884432,undirected
265,666,0.0821394460363,undirected
266,878,0.407831900669,undirected
270,625,0.652340019102,undirected
270,1206,0.941260744986,undirected
272,419,0.925501432665,undirected
272,529,0.667621776504,undirected
272,748,0.885386819484,undirected
272,905,0.909742120344,undirected
272,1016,0.363896848138,undirected
272,1203,0.449856733524,undirected
272,1204,0.618433619866,undirected
273,414,0.547755491882,undirected
273,548,0.676217765043,undirected
273,995,0.652340019102,undirected
273,1069,0.509073543457,undirected
273,1142,0.858166189112,undirected
273,1176,0.720630372493,undirected
275,421,0.913085004776,undirected
275,937,0.822349570201,undirected
275,1012,0.970391595033,undirected
275,1206,0.331423113658,undirected
276,1072,0.542024832856,undirected
276,1185,0.321872015282,undirected
277,311,0.167144221585,undirected
277,503,0.0945558739255,undirected
278,422,0.0945558739255,undirected
279,363,0.652340019102,undirected
279,928,0.155205348615,undirected
280,281,0.950811843362,undirected
280,282,0.85482330468,undirected
280,283,0.925978987584,undirected
280,431,0.845272206304,undirected
280,482,0.822349570201,undirected
281,282,0.959885386819,undirected
281,283,0.944603629417,undirected
281,431,0.840019102197,undirected
281,482,0.848137535817,undirected
281,565,0.496657115568,undirected
281,682,0.33858643744,undirected
281,965,0.106972301815,undirected
282,283,0.96370582617,undirected
282,431,0.892550143266,undirected
282,482,0.929799426934,undirected
282,565,0.127029608405,undirected
282,566,0.0319961795606,undirected
282,682,0.41929321872,undirected
282,963,0.868672397326,undirected
282,964,0.284145176695,undirected
283,431,0.893982808023,undirected
283,482,0.786532951289,undirected
283,963,0.209169054441,undirected
283,964,0.41929321872,undirected
283,965,0.596466093601,undirected
284,544,0.567812798472,undirected
285,668,0.720630372493,undirected
285,1052,0.62893982808,undirected
286,406,0.310888252149,undirected
286,497,0.952722063037,undirected
286,871,0.708213944604,undirected
286,1193,0.606017191977,undirected
287,667,0.755014326648,undirected
288,426,0.310888252149,undirected
288,452,0.407831900669,undirected
288,679,0.897803247373,undirected
288,730,0.0821394460363,undirected
289,423,0.464183381089,undirected
289,1173,0.733524355301,undirected
289,1175,0.652340019102,undirected
290,683,0.542024832856,undirected
291,394,0.978510028653,undirected
291,454,0.872015281757,undirected
291,519,0.99188156638,undirected
291,1131,0.596466093601,undirected
292,663,0.827602674308,undirected
293,378,0.913562559694,undirected
293,475,0.155205348615,undirected
293,1092,0.310888252149,undirected
294,316,0.811365807068,undirected
294,320,0.0472779369628,undirected
294,378,0.117478510029,undirected
294,405,0.155205348615,undirected
294,534,0.155205348615,undirected
294,536,0.509073543457,undirected
294,628,0.723973256925,undirected
294,669,0.155205348615,undirected
294,701,0.596466093601,undirected
294,931,0.496657115568,undirected
294,1097,0.33858643744,undirected
294,1145,0.694364851958,undirected
295,1104,0.310888252149,undirected
296,448,0.372492836676,undirected
296,502,0.924068767908,undirected
297,556,0.747851002865,undirected
298,543,0.964183381089,undirected
298,766,0.797516714422,undirected
298,1194,0.652340019102,undirected
299,306,0.19340974212,undirected
299,332,0.0945558739255,undirected
299,443,0.19340974212,undirected
299,548,0.0157593123209,undirected
299,555,0.49188156638,undirected
299,719,0.0157593123209,undirected
299,730,0.155205348615,undirected
299,916,0.581184336199,undirected
299,950,0.363896848138,undirected
300,515,0.533428844317,undirected
301,561,0.547755491882,undirected
301,1188,0.955109837631,undirected
302,373,0.958452722063,undirected
302,392,0.284145176695,undirected
302,570,0.833810888252,undirected
302,592,0.442693409742,undirected
302,598,0.602196752627,undirected
302,822,0.87106017192,undirected
302,833,0.547755491882,undirected
302,843,0.182425978988,undirected
302,982,0.106972301815,undirected
302,1037,0.331423113658,undirected
302,1046,0.284145176695,undirected
302,1071,0.95558739255,undirected
302,1090,0.372492836676,undirected
302,1138,0.916427889207,undirected
302,1144,0.738777459408,undirected
303,353,0.931709646609,undirected
303,392,0.127029608405,undirected
303,949,0.438395415473,undirected
303,961,0.533428844317,undirected
303,975,0.676217765043,undirected
303,976,0.708213944604,undirected
303,1097,0.0692454632283,undirected
306,548,0.596466093601,undirected
308,344,0.794651384909,undirected
308,578,0.272206303725,undirected
308,579,0.921203438395,undirected
308,913,0.88729703916,undirected
309,393,0.386819484241,undirected
309,535,0.167144221585,undirected
309,1157,0.425023877746,undirected
312,1107,0.766475644699,undirected
313,528,0.658548233047,undirected
313,597,0.321872015282,undirected
313,1110,0.363896848138,undirected
313,1113,0.1370582617,undirected
313,1140,0.407831900669,undirected
314,514,0.41929321872,undirected
315,394,0.860553963706,undirected
315,864,0.969914040115,undirected
316,629,0.293218720153,undirected
316,669,0.438395415473,undirected
316,701,0.747851002865,undirected
316,931,0.822349570201,undirected
317,795,0.496657115568,undirected
317,1104,0.0692454632283,undirected
319,716,0.0821394460363,undirected
320,445,0.641356255969,undirected
320,628,0.449856733524,undirected
320,669,0.0945558739255,undirected
320,804,0.243553008596,undirected
321,643,0.272206303725,undirected
322,559,0.457497612225,undirected
322,668,0.939828080229,undirected
323,831,0.976122254059,undirected
323,1086,0.998567335244,undirected
325,673,0.813276026743,undirected
325,832,0.813276026743,undirected
325,912,0.264565425024,undirected
325,1005,0.916427889207,undirected
325,1158,0.825214899713,undirected
326,612,0.863896848138,undirected
326,958,0.182425978988,undirected
326,1040,0.293218720153,undirected
327,405,0.106972301815,undirected
327,596,0.106972301815,undirected
327,974,0.155205348615,undirected
329,511,0.633715377268,undirected
329,664,0.41929321872,undirected
329,781,0.550620821394,undirected
329,803,0.396370582617,undirected
329,990,0.35100286533,undirected
329,991,0.264565425024,undirected
329,1119,0.848137535817,undirected
330,826,0.733524355301,undirected
332,690,0.533428844317,undirected
332,806,0.602196752627,undirected
332,1055,0.407831900669,undirected
335,340,0.293218720153,undirected
335,924,0.49188156638,undirected
335,1108,0.496657115568,undirected
336,992,0.48376313276,undirected
336,993,0.642311365807,undirected
336,1027,0.155205348615,undirected
339,591,0.442693409742,undirected
339,1047,0.567812798472,undirected
339,1164,0.272206303725,undirected
340,501,0.0319961795606,undirected
341,439,0.747851002865,undirected
341,700,0.868672397326,undirected
341,715,0.88729703916,undirected
341,1191,0.618433619866,undirected
341,1195,1.0,undirected
342,669,0.622254059217,undirected
342,701,0.919770773639,undirected
344,913,0.363896848138,undirected
344,1113,0.1370582617,undirected
344,1114,0.602196752627,undirected
344,1190,0.209169054441,undirected
346,359,0.919770773639,undirected
346,466,0.833810888252,undirected
346,479,0.90735434575,undirected
346,485,0.542024832856,undirected
346,567,0.805157593123,undirected
347,517,0.243553008596,undirected
347,675,0.596466093601,undirected
347,823,0.167144221585,undirected
347,978,0.310888252149,undirected
347,1134,0.6852913085,undirected
348,861,0.766475644699,undirected
349,359,0.0319961795606,undirected
349,466,0.1370582617,undirected
349,780,0.372492836676,undirected
349,1194,0.407831900669,undirected
350,587,0.35100286533,undirected
352,900,0.547755491882,undirected
352,1159,0.284145176695,undirected
353,949,0.909742120344,undirected
356,883,0.882521489971,undirected
357,1055,0.127029608405,undirected
359,466,0.935052531041,undirected
359,479,0.811365807068,undirected
359,485,0.85482330468,undirected
359,567,0.386819484241,undirected
359,596,0.1370582617,undirected
360,395,0.0157593123209,undirected
360,791,0.407831900669,undirected
361,584,0.396370582617,undirected
361,942,0.182425978988,undirected
361,978,0.182425978988,undirected
362,377,0.167144221585,undirected
362,471,0.533428844317,undirected
362,491,0.618433619866,undirected
362,513,0.264565425024,undirected
362,617,0.464183381089,undirected
362,621,0.0157593123209,undirected
362,765,0.252148997135,undirected
362,1188,0.0157593123209,undirected
364,417,0.19340974212,undirected
364,495,0.19340974212,undirected
365,568,0.865807067813,undirected
365,727,0.457497612225,undirected
366,608,0.997612225406,undirected
366,1030,0.868672397326,undirected
368,510,0.41929321872,undirected
368,646,0.167144221585,undirected
368,1147,0.127029608405,undirected
368,1185,0.1370582617,undirected
370,429,0.556829035339,undirected
370,1122,0.503342884432,undirected
372,391,0.457497612225,undirected
373,570,0.841451766953,undirected
373,592,0.0945558739255,undirected
373,822,0.652340019102,undirected
373,833,0.819961795606,undirected
373,1071,0.849092645654,undirected
373,1138,0.293218720153,undirected
373,1144,0.542024832856,undirected
373,1182,0.0472779369628,undirected
375,688,0.464183381089,undirected
375,704,0.473734479465,undirected
375,967,0.167144221585,undirected
375,1164,0.786532951289,undirected
377,471,0.944126074499,undirected
377,515,0.449856733524,undirected
377,563,0.0821394460363,undirected
377,617,0.35100286533,undirected
377,726,0.676217765043,undirected
377,1078,0.533428844317,undirected
377,1095,0.442693409742,undirected
378,475,0.386819484241,undirected
379,439,0.747851002865,undirected
380,779,0.0692454632283,undirected
380,1114,0.652340019102,undirected
382,385,0.217287488061,undirected
384,386,0.217287488061,undirected
384,388,0.57258834766,undirected
385,1066,0.567812798472,undirected
387,592,0.0472779369628,undirected
391,609,0.372492836676,undirected
392,559,0.321872015282,undirected
392,598,0.0319961795606,undirected
392,798,0.712034383954,undirected
392,822,0.859121298949,undirected
392,833,0.924068767908,undirected
392,863,0.209169054441,undirected
392,982,0.606017191977,undirected
392,1082,0.622254059217,undirected
392,1084,0.264565425024,undirected
392,1136,0.733524355301,undirected
392,1138,0.533428844317,undirected
392,1144,0.924068767908,undirected
393,795,0.331423113658,undirected
393,879,0.272206303725,undirected
393,1097,0.747851002865,undirected
394,519,0.547755491882,undirected
394,864,0.652340019102,undirected
395,453,0.478032473734,undirected
396,589,0.81852913085,undirected
396,673,0.284145176695,undirected
396,832,0.503342884432,undirected
396,875,0.968003820439,undirected
396,922,0.386819484241,undirected
396,1005,0.243553008596,undirected
396,1158,0.372492836676,undirected
397,732,0.702960840497,undirected
398,400,0.667621776504,undirected
398,545,0.596466093601,undirected
398,899,0.62893982808,undirected
399,1094,0.0692454632283,undirected
400,401,0.228748806113,undirected
400,404,0.41929321872,undirected
400,545,0.618433619866,undirected
400,862,0.438395415473,undirected
400,899,0.606017191977,undirected
401,561,0.155205348615,undirected
401,812,0.0472779369628,undirected
401,899,0.331423113658,undirected
402,789,0.117478510029,undirected
402,1006,0.533428844317,undirected
402,1184,0.865807067813,undirected
403,478,0.602196752627,undirected
403,498,0.618433619866,undirected
403,516,0.948424068768,undirected
403,647,0.264565425024,undirected
403,846,0.0692454632283,undirected
403,983,0.48376313276,undirected
403,997,0.264565425024,undirected
403,1028,0.658548233047,undirected
404,510,0.0821394460363,undirected
404,561,0.542024832856,undirected
404,812,0.708213944604,undirected
404,899,0.167144221585,undirected
404,1094,0.606017191977,undirected
404,1188,0.48376313276,undirected
405,1037,0.363896848138,undirected
405,1172,0.735434574976,undirected
406,497,0.694364851958,undirected
406,844,0.35100286533,undirected
406,871,0.676217765043,undirected
406,879,0.542024832856,undirected
406,1034,0.938395415473,undirected
407,742,0.827602674308,undirected
408,477,0.694364851958,undirected
408,559,0.386819484241,undirected
408,1139,0.533428844317,undirected
409,515,0.581184336199,undirected
410,535,0.533428844317,undirected
411,580,0.106972301815,undirected
412,1154,0.843839541547,undirected
413,718,0.1370582617,undirected
414,548,0.882521489971,undirected
414,916,0.438395415473,undirected
414,950,0.252148997135,undirected
414,995,0.968003820439,undirected
414,1069,0.62893982808,undirected
414,1142,0.861509073543,undirected
414,1176,0.284145176695,undirected
415,722,0.167144221585,undirected
416,700,0.49188156638,undirected
416,866,0.457497612225,undirected
417,495,0.768863419293,undirected
417,598,0.822349570201,undirected
418,587,0.243553008596,undirected
419,527,0.0692454632283,undirected
419,529,0.0821394460363,undirected
419,748,0.993791786055,undirected
419,905,0.808022922636,undirected
419,1204,0.84670487106,undirected
421,1012,0.407831900669,undirected
422,748,0.321872015282,undirected
423,426,0.723973256925,undirected
423,514,0.805157593123,undirected
423,703,0.1370582617,undirected
423,1174,0.372492836676,undirected
423,1175,0.839063992359,undirected
424,1096,0.407831900669,undirected
426,859,0.0692454632283,undirected
426,953,0.0821394460363,undirected
428,487,0.1370582617,undirected
428,796,0.310888252149,undirected
428,986,0.98806112703,undirected
429,576,0.33858643744,undirected
429,721,0.155205348615,undirected
431,482,0.830945558739,undirected
431,965,0.396370582617,undirected
432,433,0.926456542502,undirected
432,434,0.841451766953,undirected
432,658,0.264565425024,undirected
433,434,0.890162368672,undirected
433,657,0.396370582617,undirected
433,658,0.738777459408,undirected
434,651,0.155205348615,undirected
434,658,0.712034383954,undirected
436,573,0.117478510029,undirected
436,788,0.117478510029,undirected
437,440,0.321872015282,undirected
437,465,0.449856733524,undirected
437,502,0.533428844317,undirected
439,497,0.641356255969,undirected
439,700,0.78223495702,undirected
439,947,0.0692454632283,undirected
439,1195,0.900191021968,undirected
440,451,0.438395415473,undirected
440,465,0.272206303725,undirected
440,611,0.533428844317,undirected
440,621,0.0692454632283,undirected
441,498,0.839063992359,undirected
441,602,0.155205348615,undirected
441,644,0.533428844317,undirected
441,829,0.938395415473,undirected
441,983,0.792263610315,undirected
441,997,0.672397325692,undirected
442,567,0.386819484241,undirected
443,470,0.321872015282,undirected
443,501,0.652340019102,undirected
443,599,0.321872015282,undirected
443,770,0.774594078319,undirected
444,526,0.0692454632283,undirected
444,1006,0.747851002865,undirected
444,1032,0.747851002865,undirected
446,623,0.658548233047,undirected
448,502,0.209169054441,undirected
448,692,0.0472779369628,undirected
449,454,0.967048710602,undirected
449,519,0.0157593123209,undirected
449,1131,0.877745940783,undirected
451,513,0.0319961795606,undirected
451,621,0.664278892073,undirected
452,679,0.980420248329,undirected
452,730,0.0945558739255,undirected
452,859,0.264565425024,undirected
452,1055,0.1370582617,undirected
454,519,0.992359121299,undirected
454,1131,0.310888252149,undirected
455,582,0.438395415473,undirected
455,623,0.919770773639,undirected
455,1081,0.243553008596,undirected
455,1107,0.547755491882,undirected
458,502,0.209169054441,undirected
458,936,0.843839541547,undirected
459,480,0.792263610315,undirected
459,483,0.363896848138,undirected
459,897,0.0472779369628,undirected
459,1049,0.310888252149,undirected
461,522,0.6852913085,undirected
461,541,0.209169054441,undirected
462,858,0.19340974212,undirected
462,1091,0.396370582617,undirected
463,742,0.272206303725,undirected
463,747,0.567812798472,undirected
464,1036,0.35100286533,undirected
464,1138,0.0472779369628,undirected
464,1182,0.217287488061,undirected
465,502,0.0821394460363,undirected
465,563,0.272206303725,undirected
465,611,0.550620821394,undirected
465,799,0.766475644699,undirected
466,479,0.596466093601,undirected
466,485,0.618433619866,undirected
466,543,0.0692454632283,undirected
466,596,0.243553008596,undirected
467,1045,0.35100286533,undirected
468,549,0.243553008596,undirected
468,723,0.49188156638,undirected
468,734,0.708213944604,undirected
468,746,0.386819484241,undirected
469,612,0.567812798472,undirected
469,642,0.331423113658,undirected
470,501,0.252148997135,undirected
470,555,0.596466093601,undirected
470,770,0.117478510029,undirected
470,1198,0.321872015282,undirected
471,491,0.48376313276,undirected
471,513,0.0472779369628,undirected
471,515,0.633715377268,undirected
471,617,0.252148997135,undirected
471,765,0.556829035339,undirected
471,799,0.243553008596,undirected
471,1078,0.533428844317,undirected
471,1095,0.264565425024,undirected
474,675,0.839063992359,undirected
474,978,0.78223495702,undirected
474,1134,0.87106017192,undirected
474,1196,0.478032473734,undirected
475,610,0.478032473734,undirected
475,696,0.533428844317,undirected
475,754,0.567812798472,undirected
476,507,0.182425978988,undirected
476,650,0.127029608405,undirected
476,655,0.78223495702,undirected
476,658,0.946513849093,undirected
476,938,0.363896848138,undirected
476,1051,0.19340974212,undirected
478,498,0.949379178606,undirected
478,516,0.747851002865,undirected
478,582,0.0692454632283,undirected
478,607,0.949379178606,undirected
478,728,0.618433619866,undirected
478,923,0.386819484241,undirected
479,485,0.968958930277,undirected
479,567,0.811365807068,undirected
479,974,0.596466093601,undirected
480,483,0.473734479465,undirected
480,532,0.264565425024,undirected
482,565,0.602196752627,undirected
482,566,0.363896848138,undirected
482,682,0.79847182426,undirected
482,965,0.699617956065,undirected
483,834,0.106972301815,undirected
484,1187,0.0472779369628,undirected
485,567,0.85482330468,undirected
485,974,0.877745940783,undirected
487,1200,0.664278892073,undirected
488,718,0.699617956065,undirected
491,492,0.228748806113,undirected
491,1179,0.438395415473,undirected
492,765,0.699617956065,undirected
492,1095,0.228748806113,undirected
493,706,0.509073543457,undirected
493,722,0.759789875836,undirected
493,928,0.321872015282,undirected
495,598,0.962750716332,undirected
497,871,0.694364851958,undirected
498,516,0.478032473734,undirected
498,606,0.252148997135,undirected
498,607,0.768863419293,undirected
498,644,0.794651384909,undirected
498,647,0.777936962751,undirected
498,829,0.766475644699,undirected
498,983,0.252148997135,undirected
498,997,0.777936962751,undirected
498,1177,0.794651384909,undirected
498,1189,0.1370582617,undirected
499,582,0.928844317096,undirected
500,635,0.996179560649,undirected
501,770,0.0821394460363,undirected
502,1108,0.331423113658,undirected
503,656,0.0157593123209,undirected
504,508,0.386819484241,undirected
504,609,0.209169054441,undirected
504,685,0.542024832856,undirected
504,760,0.0472779369628,undirected
504,854,0.633715377268,undirected
504,1093,0.425023877746,undirected
506,540,0.770773638968,undirected
506,584,0.396370582617,undirected
506,729,0.407831900669,undirected
506,1042,0.841451766953,undirected
507,648,0.622254059217,undirected
507,650,0.699617956065,undirected
507,655,0.33858643744,undirected
507,656,0.127029608405,undirected
507,658,0.49188156638,undirected
507,938,0.0472779369628,undirected
507,1020,0.473734479465,undirected
508,560,0.720630372493,undirected
508,609,0.699617956065,undirected
508,685,0.844794651385,undirected
508,998,0.48376313276,undirected
508,1087,0.496657115568,undirected
508,1185,0.182425978988,undirected
509,553,0.556829035339,undirected
509,649,0.974212034384,undirected
510,561,0.48376313276,undirected
511,664,0.786532951289,undirected
513,717,0.457497612225,undirected
514,859,0.581184336199,undirected
514,953,0.310888252149,undirected
514,1174,0.958930276982,undirected
515,819,0.41929321872,undirected
515,1179,0.567812798472,undirected
516,582,0.438395415473,undirected
516,607,0.478032473734,undirected
516,728,0.792263610315,undirected
516,829,0.0157593123209,undirected
516,846,0.547755491882,undirected
516,983,0.792263610315,undirected
516,997,0.672397325692,undirected
517,644,0.965616045845,undirected
517,675,0.949856733524,undirected
517,763,0.936962750716,undirected
517,1196,0.982330468004,undirected
518,575,0.449856733524,undirected
518,648,0.782712511939,undirected
518,652,0.777936962751,undirected
518,656,0.217287488061,undirected
518,751,0.509073543457,undirected
518,1020,0.468481375358,undirected
520,951,0.117478510029,undirected
522,664,0.407831900669,undirected
522,1197,0.833810888252,undirected
524,643,0.310888252149,undirected
526,710,0.0692454632283,undirected
527,745,0.209169054441,undirected
528,702,0.209169054441,undirected
529,905,0.209169054441,undirected
529,1203,0.252148997135,undirected
532,659,0.264565425024,undirected
533,772,0.542024832856,undirected
534,974,0.243553008596,undirected
535,657,0.293218720153,undirected
535,751,0.835721107927,undirected
535,759,0.702960840497,undirected
535,1157,0.962273161414,undirected
536,961,0.652340019102,undirected
536,1097,0.843839541547,undirected
537,610,0.386819484241,undirected
538,591,0.442693409742,undirected
538,609,0.733524355301,undirected
538,1044,0.167144221585,undirected
538,1186,0.167144221585,undirected
539,613,0.457497612225,undirected
539,731,0.0472779369628,undirected
539,1096,0.792263610315,undirected
540,561,0.167144221585,undirected
540,609,0.720630372493,undirected
540,646,0.694364851958,undirected
540,689,0.182425978988,undirected
540,1042,0.702960840497,undirected
540,1199,0.272206303725,undirected
541,613,0.849092645654,undirected
542,599,0.664278892073,undirected
542,742,0.664278892073,undirected
542,1055,0.0472779369628,undirected
542,1156,0.363896848138,undirected
543,766,0.868672397326,undirected
543,1152,0.986628462273,undirected
543,1194,0.991404011461,undirected
544,1019,0.407831900669,undirected
545,899,0.182425978988,undirected
545,942,0.155205348615,undirected
547,898,0.33858643744,undirected
547,923,0.652340019102,undirected
548,667,0.321872015282,undirected
548,811,0.396370582617,undirected
548,916,0.509073543457,undirected
548,950,0.106972301815,undirected
548,995,0.966571155683,undirected
548,1069,0.106972301815,undirected
548,1115,0.19340974212,undirected
548,1142,0.407831900669,undirected
548,1176,0.62893982808,undirected
549,578,0.217287488061,undirected
549,893,0.155205348615,undirected
549,1113,0.733524355301,undirected
549,1114,0.35100286533,undirected
552,680,0.970869149952,undirected
553,649,0.264565425024,undirected
553,650,0.407831900669,undirected
553,1019,0.117478510029,undirected
554,981,0.825214899713,undirected
555,811,0.641356255969,undirected
555,1198,0.785100286533,undirected
556,644,0.228748806113,undirected
556,675,0.438395415473,undirected
556,947,0.0692454632283,undirected
556,978,0.0692454632283,undirected
556,1196,0.699617956065,undirected
559,570,0.386819484241,undirected
559,945,0.0472779369628,undirected
559,1082,0.284145176695,undirected
561,689,0.407831900669,undirected
561,1185,0.19340974212,undirected
561,1188,0.167144221585,undirected
562,645,0.770773638968,undirected
562,748,0.0319961795606,undirected
562,1053,0.733524355301,undirected
564,881,0.97994269341,undirected
565,566,0.94364851958,undirected
565,718,0.733524355301,undirected
565,851,0.396370582617,undirected
565,963,0.167144221585,undirected
565,965,0.438395415473,undirected
566,718,0.87488061127,undirected
566,851,0.868672397326,undirected
566,964,0.106972301815,undirected
566,965,0.733524355301,undirected
567,788,0.386819484241,undirected
568,727,0.934097421203,undirected
569,706,0.78223495702,undirected
570,592,0.694364851958,undirected
570,822,0.321872015282,undirected
570,1071,0.310888252149,undirected
570,1137,0.596466093601,undirected
574,676,0.438395415473,undirected
575,649,0.182425978988,undirected
575,656,0.464183381089,undirected
578,913,0.533428844317,undirected
579,913,0.797516714422,undirected
579,1110,0.478032473734,undirected
582,601,0.155205348615,undirected
582,605,0.720630372493,undirected
582,606,0.888729703916,undirected
582,607,0.363896848138,undirected
582,623,0.33858643744,undirected
582,699,0.694364851958,undirected
582,728,0.182425978988,undirected
582,1081,0.0945558739255,undirected
582,1107,0.889207258835,undirected
584,609,0.1370582617,undirected
584,631,0.425023877746,undirected
585,750,0.396370582617,undirected
586,673,0.19340974212,undirected
586,712,0.0692454632283,undirected
586,912,0.167144221585,undirected
586,922,0.293218720153,undirected
586,1005,0.0319961795606,undirected
587,710,0.243553008596,undirected
589,624,0.596466093601,undirected
589,912,0.0821394460363,undirected
589,1005,0.48376313276,undirected
590,612,0.694364851958,undirected
590,642,0.903533906399,undirected
590,1040,0.622254059217,undirected
591,1054,0.808022922636,undirected
591,1117,0.252148997135,undirected
592,596,0.622254059217,undirected
592,624,0.464183381089,undirected
592,822,0.513849092646,undirected
592,1182,0.550620821394,undirected
596,974,0.243553008596,undirected
597,1113,0.293218720153,undirected
597,1190,0.0821394460363,undirected
598,1037,0.19340974212,undirected
599,750,0.503342884432,undirected
600,1129,0.438395415473,undirected
601,606,0.940305635148,undirected
601,607,0.228748806113,undirected
602,923,0.556829035339,undirected
603,624,0.386819484241,undirected
603,697,0.652340019102,undirected
604,945,0.713944603629,undirected
604,1074,0.882521489971,undirected
605,623,0.658548233047,undirected
605,699,0.928844317096,undirected
605,1107,0.33858643744,undirected
606,607,0.901623686724,undirected
606,728,0.676217765043,undirected
607,647,0.777936962751,undirected
607,728,0.252148997135,undirected
607,789,0.658548233047,undirected
608,1030,0.556829035339,undirected
609,646,0.581184336199,undirected
609,663,0.182425978988,undirected
609,685,0.893982808023,undirected
609,689,0.652340019102,undirected
609,725,0.252148997135,undirected
609,1072,0.542024832856,undirected
609,1087,0.6852913085,undirected
610,696,0.217287488061,undirected
610,1143,0.252148997135,undirected
611,621,0.759789875836,undirected
611,638,0.910219675263,undirected
611,799,0.0157593123209,undirected
613,731,0.712034383954,undirected
613,956,0.0945558739255,undirected
613,1096,0.293218720153,undirected
615,753,0.513849092646,undirected
617,765,0.478032473734,undirected
617,962,0.117478510029,undirected
617,1078,0.652340019102,undirected
617,1095,0.41929321872,undirected
619,797,0.777936962751,undirected
619,1120,0.672397325692,undirected
621,698,0.0692454632283,undirected
621,799,0.209169054441,undirected
623,699,0.633715377268,undirected
623,1081,0.547755491882,undirected
623,1107,0.755014326648,undirected
624,971,0.284145176695,undirected
627,721,0.0319961795606,undirected
628,947,0.386819484241,undirected
628,1132,0.0945558739255,undirected
629,1196,0.0945558739255,undirected
633,636,0.0472779369628,undirected
634,639,0.883476599809,undirected
636,817,0.468481375358,undirected
637,799,0.713944603629,undirected
642,710,0.438395415473,undirected
643,771,0.667621776504,undirected
643,1197,0.891595033429,undirected
644,675,0.801337153773,undirected
644,829,0.331423113658,undirected
644,1196,0.989493791786,undirected
646,689,0.906399235912,undirected
647,1189,0.438395415473,undirected
648,650,0.62893982808,undirected
648,652,0.803247373448,undirected
648,658,0.438395415473,undirected
648,1020,0.372492836676,undirected
649,650,0.0692454632283,undirected
650,655,0.906399235912,undirected
650,656,0.35100286533,undirected
650,658,0.808022922636,undirected
650,1051,0.228748806113,undirected
652,657,0.0945558739255,undirected
652,658,0.127029608405,undirected
652,1020,0.0472779369628,undirected
653,696,0.0821394460363,undirected
653,754,0.766475644699,undirected
653,758,0.606017191977,undirected
655,1020,0.117478510029,undirected
656,658,0.35100286533,undirected
656,666,0.106972301815,undirected
657,751,0.890162368672,undirected
657,1020,0.542024832856,undirected
659,1007,0.581184336199,undirected
660,1047,0.363896848138,undirected
662,756,0.57258834766,undirected
663,685,0.106972301815,undirected
663,1185,0.127029608405,undirected
664,781,0.321872015282,undirected
666,1185,0.618433619866,undirected
669,701,0.622254059217,undirected
671,708,0.948424068768,undirected
671,709,0.182425978988,undirected
671,878,0.321872015282,undirected
672,705,0.827602674308,undirected
673,832,0.768863419293,undirected
673,922,0.833810888252,undirected
673,1158,0.679560649475,undirected
674,700,0.41929321872,undirected
675,763,0.801337153773,undirected
675,978,0.919770773639,undirected
675,1134,0.8147086915,undirected
675,1196,0.990448901624,undirected
676,715,0.533428844317,undirected
676,877,0.0692454632283,undirected
676,947,0.533428844317,undirected
677,700,0.209169054441,undirected
677,801,0.464183381089,undirected
677,877,0.464183381089,undirected
677,1191,0.672397325692,undirected
677,1193,0.284145176695,undirected
679,719,0.882521489971,undirected
679,730,0.33858643744,undirected
679,811,0.19340974212,undirected
679,859,0.41929321872,undirected
679,953,0.641356255969,undirected
679,1014,0.0821394460363,undirected
679,1055,0.830945558739,undirected
679,1080,0.533428844317,undirected
680,710,0.243553008596,undirected
683,716,0.310888252149,undirected
685,718,0.363896848138,undirected
685,1087,0.310888252149,undirected
687,826,0.228748806113,undirected
688,704,0.547755491882,undirected
696,754,0.913085004776,undirected
699,1081,0.581184336199,undirected
699,1107,0.774594078319,undirected
700,866,0.766475644699,undirected
700,932,0.155205348615,undirected
700,1195,0.843839541547,undirected
703,721,0.968958930277,undirected
703,747,0.542024832856,undirected
704,722,0.542024832856,undirected
706,928,0.57258834766,undirected
706,956,0.310888252149,undirected
708,1041,0.425023877746,undirected
710,1045,0.596466093601,undirected
710,1154,0.243553008596,undirected
711,753,0.581184336199,undirected
715,823,0.825214899713,undirected
715,1075,0.310888252149,undirected
715,1195,0.856733524355,undirected
719,730,0.331423113658,undirected
719,811,0.533428844317,undirected
719,1055,0.513849092646,undirected
720,750,0.848137535817,undirected
722,1008,0.556829035339,undirected
730,742,0.0157593123209,undirected
730,811,0.811365807068,undirected
730,950,0.106972301815,undirected
731,1096,0.720630372493,undirected
734,736,0.331423113658,undirected
734,746,0.155205348615,undirected
737,1045,0.310888252149,undirected
738,984,0.533428844317,undirected
740,1109,0.182425978988,undirected
742,747,0.57258834766,undirected
742,1166,0.167144221585,undirected
742,1169,0.473734479465,undirected
743,1179,0.331423113658,undirected
747,1166,0.372492836676,undirected
748,905,0.407831900669,undirected
748,1204,0.877745940783,undirected
749,1059,0.596466093601,undirected
749,1132,0.438395415473,undirected
751,1045,0.182425978988,undirected
753,840,0.720630372493,undirected
761,883,0.720630372493,undirected
761,1052,0.62893982808,undirected
762,1142,0.182425978988,undirected
763,1196,0.468481375358,undirected
764,1103,0.672397325692,undirected
765,1078,0.503342884432,undirected
765,1095,0.468481375358,undirected
766,1152,0.956064947469,undirected
766,1194,0.96370582617,undirected
767,1040,0.920725883477,undirected
768,890,0.0821394460363,undirected
768,1113,0.794651384909,undirected
769,1054,0.0319961795606,undirected
771,1197,0.755014326648,undirected
774,952,0.547755491882,undirected
776,944,0.9111747851,undirected
777,783,0.860553963706,undirected
781,1119,0.581184336199,undirected
786,1069,0.19340974212,undirected
789,923,0.774594078319,undirected
789,1184,0.243553008596,undirected
790,1072,0.209169054441,undirected
791,1074,0.293218720153,undirected
792,822,0.0157593123209,undirected
792,833,0.641356255969,undirected
792,1026,0.106972301815,undirected
792,1071,0.533428844317,undirected
792,1090,0.0157593123209,undirected
793,949,0.155205348615,undirected
794,806,0.694364851958,undirected
794,811,0.533428844317,undirected
794,1167,0.182425978988,undirected
796,1200,0.284145176695,undirected
797,1120,0.901623686724,undirected
798,1138,0.386819484241,undirected
801,877,0.533428844317,undirected
801,1191,0.331423113658,undirected
802,1115,0.0157593123209,undirected
804,821,0.0692454632283,undirected
804,1065,0.49188156638,undirected
804,1145,0.182425978988,undirected
805,812,0.750716332378,undirected
806,1055,0.228748806113,undirected
808,967,0.785100286533,undirected
809,883,0.155205348615,undirected
810,1038,0.217287488061,undirected
811,916,0.438395415473,undirected
811,950,0.702960840497,undirected
811,953,0.0157593123209,undirected
811,1069,0.228748806113,undirected
811,1167,0.117478510029,undirected
812,862,0.217287488061,undirected
812,872,0.331423113658,undirected
812,899,0.932187201528,undirected
812,980,0.155205348615,undirected
812,1094,0.81852913085,undirected
815,980,0.556829035339,undirected
817,988,0.155205348615,undirected
817,1029,0.1370582617,undirected
819,1076,0.664278892073,undirected
820,1143,0.766475644699,undirected
821,824,0.0692454632283,undirected
821,1065,0.759789875836,undirected
821,1145,0.618433619866,undirected
822,833,0.931709646609,undirected
822,982,0.513849092646,undirected
822,1046,0.321872015282,undirected
822,1071,0.98806112703,undirected
822,1082,0.331423113658,undirected
822,1084,0.48376313276,undirected
822,1090,0.596466093601,undirected
822,1138,0.957020057307,undirected
822,1144,0.897803247373,undirected
823,1028,0.708213944604,undirected
823,1075,0.829035339064,undirected
825,939,0.891595033429,undirected
829,983,0.33858643744,undirected
829,997,0.957020057307,undirected
831,1086,0.94364851958,undirected
832,912,0.900191021968,undirected
832,922,0.801337153773,undirected
832,1005,0.920725883477,undirected
832,1008,0.209169054441,undirected
832,1100,0.167144221585,undirected
832,1158,0.878223495702,undirected
833,838,0.78223495702,undirected
833,843,0.0472779369628,undirected
833,863,0.243553008596,undirected
833,982,0.596466093601,undirected
833,1031,0.618433619866,undirected
833,1046,0.503342884432,undirected
833,1071,0.862464183381,undirected
833,1082,0.182425978988,undirected
833,1084,0.567812798472,undirected
833,1136,0.396370582617,undirected
833,1138,0.797516714422,undirected
833,1144,0.906399235912,undirected
839,904,0.567812798472,undirected
839,1125,0.0319961795606,undirected
843,982,0.533428844317,undirected
843,1046,0.9111747851,undirected
843,1071,0.310888252149,undirected
843,1136,0.865807067813,undirected
843,1144,0.0472779369628,undirected
844,1001,0.733524355301,undirected
844,1104,0.652340019102,undirected
846,983,0.81852913085,undirected
846,997,0.664278892073,undirected
848,904,0.556829035339,undirected
849,899,0.182425978988,undirected
849,980,0.0157593123209,undirected
849,1094,0.182425978988,undirected
851,964,0.68147086915,undirected
851,965,0.797516714422,undirected
851,1116,0.702960840497,undirected
853,862,0.48376313276,undirected
853,1178,0.228748806113,undirected
854,1093,0.321872015282,undirected
855,890,0.909742120344,undirected
855,985,0.602196752627,undirected
855,989,0.735434574976,undirected
858,1044,0.81852913085,undirected
858,1091,0.81852913085,undirected
859,953,0.8147086915,undirected
859,1014,0.272206303725,undirected
859,1165,0.0157593123209,undirected
859,1174,0.567812798472,undirected
860,1033,0.35100286533,undirected
866,1151,0.87488061127,undirected
868,885,0.272206303725,undirected
870,1019,0.464183381089,undirected
872,899,0.49188156638,undirected
872,980,0.396370582617,undirected
872,1062,0.496657115568,undirected
872,1094,0.209169054441,undirected
873,942,0.830945558739,undirected
875,937,0.217287488061,undirected
876,1067,0.985195797517,undirected
877,1191,0.720630372493,undirected
878,1019,0.0472779369628,undirected
879,1034,0.699617956065,undirected
880,921,0.293218720153,undirected
883,1102,0.310888252149,undirected
886,1073,0.106972301815,undirected
889,987,0.596466093601,undirected
890,989,0.652340019102,undirected
891,1154,0.0319961795606,undirected
893,1113,0.708213944604,undirected
894,933,0.127029608405,undirected
899,980,0.581184336199,undirected
899,1094,0.738777459408,undirected
900,903,0.127029608405,undirected
902,990,0.513849092646,undirected
902,992,0.974212034384,undirected
902,993,0.567812798472,undirected
903,994,0.182425978988,undirected
904,907,0.41929321872,undirected
905,909,0.438395415473,undirected
905,1010,0.581184336199,undirected
905,1203,0.862464183381,undirected
905,1204,0.473734479465,undirected
912,922,0.641356255969,undirected
912,937,0.155205348615,undirected
912,1005,0.882521489971,undirected
912,1158,0.792263610315,undirected
913,1110,0.284145176695,undirected
916,950,0.228748806113,undirected
916,995,0.533428844317,undirected
916,1069,0.228748806113,undirected
916,1115,0.679560649475,undirected
916,1176,0.438395415473,undirected
919,939,0.33858643744,undirected
919,1015,0.209169054441,undirected
922,937,0.641356255969,undirected
922,1005,0.547755491882,undirected
922,1100,0.386819484241,undirected
922,1158,0.725405921681,undirected
923,1184,0.622254059217,undirected
924,936,0.513849092646,undirected
924,1108,0.991404011461,undirected
926,1164,0.49188156638,undirected
928,956,0.0945558739255,undirected
929,1161,0.797516714422,undirected
930,1019,0.759789875836,undirected
930,1041,0.217287488061,undirected
932,941,0.0692454632283,undirected
933,1147,0.243553008596,undirected
933,1188,0.0945558739255,undirected
936,970,0.581184336199,undirected
937,1012,0.986628462273,undirected
937,1206,0.966571155683,undirected
943,961,0.801337153773,undirected
943,1075,0.331423113658,undirected
943,1082,0.264565425024,undirected
943,1097,0.946513849093,undirected
943,1137,0.633715377268,undirected
945,1074,0.0157593123209,undirected
947,1132,0.533428844317,undirected
947,1133,0.747851002865,undirected
947,1195,0.310888252149,undirected
949,975,0.808022922636,undirected
950,995,0.396370582617,undirected
950,1069,0.6852913085,undirected
953,1014,0.438395415473,undirected
957,1047,0.567812798472,undirected
959,1068,0.694364851958,undirected
961,975,0.243553008596,undirected
961,1033,0.792263610315,undirected
961,1097,0.993791786055,undirected
962,1078,0.155205348615,undirected
963,965,0.699617956065,undirected
964,965,0.938395415473,undirected
964,1116,0.85482330468,undirected
965,1116,0.694364851958,undirected
967,1164,0.0472779369628,undirected
969,990,0.209169054441,undirected
978,1134,0.893982808023,undirected
978,1196,0.672397325692,undirected
979,1131,0.770773638968,undirected
982,1031,0.19340974212,undirected
982,1071,0.509073543457,undirected
982,1084,0.127029608405,undirected
982,1138,0.533428844317,undirected
982,1144,0.712034383954,undirected
983,997,0.694364851958,undirected
985,989,0.735434574976,undirected
986,1200,0.35100286533,undirected
987,1004,0.0692454632283,undirected
990,991,0.6852913085,undirected
990,992,0.556829035339,undirected
990,993,0.87106017192,undirected
991,993,0.720630372493,undirected
992,993,0.972779369628,undirected
993,994,0.556829035339,undirected
993,1027,0.882521489971,undirected
993,1121,0.228748806113,undirected
995,1142,0.658548233047,undirected
995,1176,0.770773638968,undirected
996,1031,0.442693409742,undirected
997,1028,0.965616045845,undirected
999,1048,0.0472779369628,undirected
1003,1109,0.843839541547,undirected
1005,1100,0.243553008596,undirected
1005,1158,0.931709646609,undirected
1006,1112,0.0692454632283,undirected
1008,1180,0.167144221585,undirected
1010,1203,0.1370582617,undirected
1011,1063,0.939828080229,undirected
1012,1206,0.882521489971,undirected
1014,1174,0.0945558739255,undirected
1019,1041,0.442693409742,undirected
1029,1103,0.0945558739255,undirected
1031,1084,0.57258834766,undirected
1031,1138,0.503342884432,undirected
1033,1097,0.496657115568,undirected
1033,1135,0.228748806113,undirected
1037,1138,0.720630372493,undirected
1041,1120,0.407831900669,undirected
1042,1116,0.503342884432,undirected
1044,1091,0.33858643744,undirected
1044,1117,0.117478510029,undirected
1044,1186,0.6852913085,undirected
1046,1090,0.622254059217,undirected
1046,1136,0.533428844317,undirected
1046,1139,0.618433619866,undirected
1046,1144,0.713944603629,undirected
1051,1164,0.321872015282,undirected
1054,1117,0.464183381089,undirected
1055,1115,0.363896848138,undirected
1055,1173,0.62893982808,undirected
1057,1059,0.155205348615,undirected
1058,1059,0.35100286533,undirected
1058,1062,0.805157593123,undirected
1058,1083,0.768863419293,undirected
1059,1061,0.766475644699,undirected
1059,1083,0.209169054441,undirected
1062,1083,0.468481375358,undirected
1069,1142,0.407831900669,undirected
1069,1176,0.801337153773,undirected
1071,1082,0.712034383954,undirected
1071,1090,0.0157593123209,undirected
1071,1136,0.372492836676,undirected
1071,1138,0.974689589303,undirected
1071,1144,0.792263610315,undirected
1071,1182,0.0692454632283,undirected
1072,1185,0.442693409742,undirected
1075,1137,0.49188156638,undirected
1075,1144,0.19340974212,undirected
1078,1079,0.596466093601,undirected
1078,1095,0.725405921681,undirected
1081,1107,0.84670487106,undirected
1082,1137,0.396370582617,undirected
1082,1138,0.542024832856,undirected
1084,1138,0.667621776504,undirected
1084,1144,0.363896848138,undirected
1084,1182,0.264565425024,undirected
1090,1144,0.182425978988,undirected
1110,1113,0.449856733524,undirected
1110,1114,0.0157593123209,undirected
1113,1114,0.496657115568,undirected
1113,1190,0.182425978988,undirected
1114,1141,0.41929321872,undirected
1114,1190,0.819961795606,undirected
1117,1186,0.19340974212,undirected
1119,1122,0.0945558739255,undirected
1121,1122,0.478032473734,undirected
1121,1123,0.750716332378,undirected
1121,1125,0.88729703916,undirected
1121,1128,0.633715377268,undirected
1122,1123,0.68147086915,undirected
1122,1125,0.596466093601,undirected
1122,1126,0.0945558739255,undirected
1122,1127,0.618433619866,undirected
1123,1125,0.35100286533,undirected
1125,1128,0.909742120344,undirected
1134,1196,0.858166189112,undirected
1136,1138,0.464183381089,undirected
1136,1144,0.618433619866,undirected
1138,1144,0.797516714422,undirected
1138,1182,0.252148997135,undirected
1144,1182,0.217287488061,undirected
1147,1185,0.264565425024,undirected
1152,1194,0.998089780325,undirected
1153,1177,0.363896848138,undirected
1168,1171,0.310888252149,undirected
1177,1189,0.977554918816,undirected
1191,1195,0.811365807068,undirected
